Item,Hits,"Event Title","Total RSVP",Date,Active
1,,"75th ST Fresh Foods Market",,2023-10-11,1
2,,"Fresh Foods Market Event",,2023-10-13,1
3,,"New Event",,2023-10-04,1
4,,"New Event -2",,2023-10-10,1
5,,"ABC EVENT",,2023-10-07,1
6,,"test piyush",,2023-10-07,1
7,,"test event",,2023-10-04,1
8,,"event title",,2023-10-20,1
9,,agamh,,2023-10-06,1
10,,"Event Title test",,2023-10-17,1
11,,"Event Title",,2023-10-11,1
12,,agamtest,,2023-10-13,1
13,,arjit,,2023-10-13,1
14,,testing,,2023-10-13,1
15,,"Testing arjit",,2023-10-13,1
16,,baskdasidaijsda,,2023-10-13,1
17,,agamtest,,2023-10-16,1
